alpha_l,alpha_h,gain,th_dy,th_d2y
0.005,0.1,1e-05,148.0930219771637,375938069.81032926
