m,l,Avg Area Ratio,Variance
15,7,154.00643035646343,0.005333569239650206
