alpha_l,alpha_h,gain,th_dy,th_d2y
0.005,0.9,1e-05,1410.2169909864901,1334179683.8371544
