m,l,Avg Area Ratio,Variance
15,7,206.75300254882993,3653.5879615039735
