Avg Area Ratio,Variance
206.41694608435895,3638.601279143656
